traffic_type,packet_count,packet_count_per_second,byte_count,byte_count_per_second
Normal,4122,112,188875963,32613090
Normal,4280,943,697892057,13647750
Normal,6924,754,534906109,32374543
Normal,3695,1156,598962098,30985275
Normal,7147,373,106331004,9431993
Normal,8991,496,538542662,55866329
Normal,10890,1070,696473444,58198523
Normal,13818,571,694843923,48647444
Normal,10908,196,232363655,51073115
Normal,3514,556,689538330,5552312
Normal,14449,1145,225161881,43802402
Normal,1450,1170,654878570,47417865
Normal,12120,997,304346263,14070386
Normal,1888,638,643192711,15333958
Normal,11973,1177,500227089,46320254
Normal,3717,670,448638661,57215256
Normal,3258,503,536740389,45616613
Normal,3633,485,166796438,42112038
Normal,2210,1073,392193691,25388648
Normal,11767,346,475731910,43200232
Normal,8606,233,644751062,12122088
Normal,8877,974,365429714,45060375
Normal,2262,480,464008218,47690611
Normal,8551,396,407761528,12355404
Normal,3291,626,459924049,40599977
Normal,4007,456,575240208,41527189
Normal,8264,309,512658500,8161210
Normal,11116,327,208473768,10222618
Normal,10537,1074,601136373,30101081
Normal,8799,361,630623746,41860784
Normal,3753,104,697467401,41436368
Normal,7951,99,641949962,5101962
Normal,2782,176,631467579,50664518
Normal,10747,567,636796787,6781208
Normal,10905,369,673692279,24573913
Normal,13019,365,412672786,26665474
Normal,9924,936,347116796,45436296
Normal,3532,354,692756788,9320433
Normal,14764,1196,498245559,34224321
Normal,12432,714,252388024,28763730
Normal,11610,346,372019615,17251595
Normal,7146,462,520851149,24160715
Normal,11739,92,637555210,24413209
Normal,14987,1178,695909174,48810903
Normal,6070,120,168314576,54464331
Normal,11057,640,457481997,20076778
Normal,7982,606,656246805,19943411
Normal,10835,675,130374020,25308750
Normal,9502,897,524062544,19388032
Normal,7513,405,320519280,55666582
Normal,12760,650,128707788,43764867
Normal,12679,676,380979108,17949747
Normal,3023,830,626029775,54416156
Normal,14279,587,571093230,9721346
Normal,7707,1145,341006727,42373635
Normal,5236,137,259017135,58085813
Normal,9357,408,387115522,41225942
Normal,9186,1050,130906495,34402098
Normal,14458,757,631570573,29329254
Normal,12297,396,368454819,10482020
Normal,14010,1034,186382672,59271285
Normal,14950,821,344287448,53318158
Normal,5679,614,165549766,31805307
Normal,7705,353,458655409,35472856
Normal,8297,247,165360557,22309400
Normal,4157,382,149491221,5387530
Normal,10046,256,438018987,22718695
Normal,12348,711,349938673,5662739
Normal,11118,201,124686634,5297601
Normal,10364,875,527208898,21717337
Normal,13342,230,411084441,14297423
Normal,4313,1164,285833607,23084031
Normal,2494,601,659177375,30694621
Normal,12286,186,626488260,32637206
Normal,4142,450,266643417,31080941
Normal,12919,813,668277353,55211329
Normal,14191,1018,254413305,45791241
Normal,11358,1074,378839694,34149017
Normal,6512,1197,200191745,29811581
Normal,13655,1189,647205358,13277067
Normal,7699,449,424141603,30266864
Normal,7652,477,313011253,23853803
Normal,8832,1172,131623437,31227502
Normal,8291,378,524574640,23800687
Normal,6180,517,562292749,11424917
Normal,2566,1065,675934307,21871893
Normal,1999,973,500299168,42919233
Normal,7203,439,228994033,56599665
Normal,13846,212,543244985,47965303
Normal,7961,216,545908042,27957094
Normal,7356,780,428086454,32374273
Normal,3988,182,261996428,10617398
Normal,10692,618,446674658,43452419
Normal,2643,859,235617673,33046933
Normal,6582,402,289268796,43018462
Normal,9696,134,597288045,30963253
Normal,2913,184,124425146,35554810
Normal,5731,636,389666158,10789150
Normal,7926,302,428524981,8254236
Normal,7866,712,113623008,21594980
Normal,11830,1161,170927850,58236564
Normal,12480,1128,456759620,41853515
Normal,14883,493,590456305,56110786
Normal,6471,865,230906325,55381575
Normal,12611,1181,107490832,13810566
Normal,12547,474,112716006,38044394
Normal,11727,378,652771205,25263608
Normal,11039,744,303490870,53692508
Normal,10532,518,344702168,16537659
Normal,8569,890,214326841,36130812
Normal,13854,153,322492294,37556344
Normal,11624,1170,140189320,43287238
Normal,13931,334,317245961,39312139
Normal,3568,329,454472866,16127798
Normal,10008,992,380205623,27554382
Normal,6075,345,665522200,11402697
Normal,3787,1154,669461528,57992017
Normal,4386,220,491210997,25460345
Normal,10562,451,518781559,34318972
Normal,4080,686,569030974,48396879
Normal,8287,101,697884519,43047964
Normal,8102,87,648153748,47621916
Normal,5217,240,295835932,5632753
Normal,9429,414,613149875,59504378
Normal,12762,478,642182937,43763819
Normal,6944,271,609694149,37152152
Normal,7510,201,110633280,36829154
Normal,12334,560,156158139,14373262
Normal,5614,429,186651150,57877193
Normal,12668,877,492044058,5756439
Normal,11854,956,124924299,24673415
Normal,8772,95,570371109,57462363
Normal,1045,292,505227582,56305170
Normal,5103,312,109335348,30728840
Normal,3838,67,424486047,17275339
Normal,5455,651,515809911,10530860
Normal,3889,528,673157412,21557749
Normal,9913,1085,629176282,18883481
Normal,10964,167,588887127,25047393
Normal,10878,1149,112512732,41497507
Normal,12712,914,692854038,50437445
Normal,8628,969,341781218,10708158
Normal,8011,609,487252286,59849420
Normal,9706,549,113185817,31831799
Normal,9312,819,341389248,11868842
Normal,11088,369,288294386,14634574
Normal,12294,699,670277159,18835358
Normal,8035,396,351936988,9728993
Normal,9165,714,100888244,57839324
Normal,8928,1076,123656590,23522137
Normal,14937,399,284846923,15890399
Normal,13607,937,580620578,9181822
Normal,14248,1051,362355308,58687721
Normal,8435,287,247561673,33033893
Normal,11665,713,566493729,14646855
Normal,6623,553,431436778,23071501
Normal,10872,412,333311908,10005517
Normal,10734,934,462982485,10119972
Normal,8420,430,670759841,37249123
Normal,10730,610,630305726,17818348
Normal,5047,278,496991212,50051207
Normal,8749,708,594238913,48741947
Normal,1331,161,380942265,47643860
Normal,6140,701,230201112,6079864
Normal,11568,548,128946058,40349823
Normal,9572,962,239096739,45319647
Normal,11583,122,346714261,28867572
Normal,14520,1188,564173878,39255829
Normal,10542,882,481727637,5644873
Normal,3777,86,139721003,49700683
Normal,6432,763,630435047,25822754
Normal,14071,1155,396515442,34405818
Normal,12232,955,677751978,49346845
Normal,14578,623,560178407,9170467
Normal,4429,481,369615737,32397566
Normal,7738,889,538272883,55339022
Normal,13949,337,111622434,43254848
Normal,6418,318,532329227,48005145
Normal,9733,497,102871162,40920785
Normal,12586,794,223089754,47061244
Normal,8697,731,128406731,6638250
Normal,8687,1065,199887097,35558379
Normal,3130,836,687586196,37450903
Normal,12362,1032,266986349,36155814
Normal,4963,1084,133503264,52551964
Normal,3263,699,533827370,29536463
Normal,3568,414,385564191,12823290
Normal,5879,69,526458444,58349257
Normal,7995,359,448007380,48259582
Normal,4869,868,422753135,15195547
Normal,13465,674,452071725,41357349
Normal,11681,593,450692420,7691853
Normal,9872,530,521548815,43363833
Normal,3944,892,235108365,56961799
Normal,7847,89,579037408,25906949
Normal,12245,894,546325279,59534761
Normal,14017,1085,642310847,30192881
Normal,3904,84,657374852,36148064
Normal,12743,560,196066060,38995876
Normal,10685,1014,215825582,57673282
Normal,2435,532,301098819,11126717
Normal,14571,906,375864300,34544440
Normal,11031,1147,404872290,25945197
Normal,2082,982,312771408,43340593
Normal,2465,356,220998057,19213184
Normal,10454,326,281723446,10775541
Normal,5273,254,628362768,36235179
Normal,11711,765,421770163,23187949
Normal,12110,672,335305604,40164755
Normal,7398,429,424982988,38713035
Normal,5633,866,521727827,39195006
Normal,14474,119,370764394,41405730
Normal,12383,565,106625849,59547269
Normal,13137,1162,133541881,12858762
Normal,9246,668,402179834,57165369
Normal,14079,598,453076321,36933065
Normal,1027,1184,642987087,19016617
Normal,7335,818,238426368,17334588
Normal,5770,894,437495396,37371657
Normal,8341,368,587519487,21651330
Normal,10683,243,294434529,39771074
Normal,6942,784,546111981,51154754
Normal,5660,998,621304188,34185676
Normal,12447,574,179283499,10801945
Normal,10206,1104,239233076,43794121
Normal,8989,1058,257699660,25807862
Normal,5911,898,491635134,57841673
Normal,11703,1176,568743774,50589246
Normal,5752,879,321191941,56247991
Normal,4139,79,197904092,5352892
Normal,11940,950,507717940,59340733
Normal,9395,998,129963541,17626318
Normal,9910,336,653175324,55539797
Normal,6413,968,585192630,13558791
Normal,5758,1010,452351102,13887052
Normal,12416,775,336287273,11271113
Normal,12502,222,699487947,11685951
Normal,4120,921,437062840,17571769
Normal,2627,90,679368739,58384535
Normal,3277,369,564080520,12301180
Normal,14056,943,172043111,30238263
Normal,6595,935,573516228,9826785
Normal,13645,1128,239493733,34916386
Normal,3780,214,285672282,31647475
Normal,14141,878,292632244,32583970
Normal,1128,589,228465723,45815886
Normal,3208,1062,583688670,8808422
Normal,4317,704,510723727,48403784
Normal,7038,177,408510840,17487309
Normal,8747,529,489045347,59832442
Normal,9838,644,194437458,13934041
Normal,12594,450,231081797,37017386
Normal,6804,875,699544212,28462569
Normal,11229,966,336148062,7117131
Normal,4237,618,657698265,44957799
Normal,2430,223,429670892,53742125
Normal,7329,420,530302700,44614490
Normal,3552,916,319575455,26919129
Normal,6580,110,340907766,37781749
Normal,8761,308,181480674,30529378
Normal,8888,687,626123638,32763125
Normal,12141,612,232402798,41951221
Normal,8041,839,327790209,39659917
Normal,4194,1144,584557265,25037247
Normal,5963,1186,556703102,55452983
Normal,14848,203,282666372,41418556
Normal,11695,600,182109823,33856300
Normal,7175,863,453661530,49901464
Normal,8504,708,605521044,59191711
Normal,7653,235,566138371,5281815
Normal,14631,645,279643704,23727285
Normal,8098,405,140495390,27706566
Normal,5943,438,500506506,26195328
Normal,3730,873,619353682,44779189
Normal,8164,407,352898535,34877915
Normal,10820,570,103976640,34734476
Normal,5366,1176,566529924,36420378
Normal,13660,468,257197000,20666188
Normal,10966,960,403751513,18517319
Normal,5638,1103,376104410,54807383
Normal,7071,1180,574785955,20434953
Normal,7481,461,531431034,10318268
Normal,13078,323,596095943,57902431
Normal,13016,614,178279471,44194501
Normal,6878,1075,630673472,54051988
Normal,9394,607,135144078,27273176
Normal,14347,1095,427794731,20168906
Normal,4890,1159,586159339,23827223
Normal,9022,410,423031783,17629275
Normal,13194,904,467096340,7530905
Normal,3967,115,284724073,31157299
Normal,14975,428,477665281,21927614
Normal,7936,237,389460656,56116957
Normal,6126,166,366846143,58674684
Normal,10179,1035,205502770,54861931
Normal,7178,1054,110333200,20304206
Normal,12718,688,600795861,59913196
Normal,9564,222,320965641,39084765
Normal,11499,900,483506564,45408371
Normal,11500,73,171843860,20918161
Normal,7207,944,139321580,33903246
Normal,8126,539,315657125,33250635
Normal,10646,507,508429583,20114510
Normal,2102,1142,498116928,16451904
Normal,6303,565,530564078,28548032
Normal,11227,743,248181535,7534232
Normal,13466,793,156548039,33503579
Normal,2979,840,207044822,19978341
Normal,4717,946,252419218,32985312
Normal,11941,986,330436942,39898220
Normal,7102,736,178831413,56683617
Normal,13403,565,346775828,46253443
Normal,14899,191,272494668,7222914
Normal,13000,769,188411034,11368694
Normal,14634,1118,277051467,33974092
Normal,6318,1097,210124547,25820451
Normal,13277,100,213155835,19818776
Normal,7361,161,266604030,59191442
Normal,13216,758,646966095,26100870
Normal,13759,385,446269702,24832881
Normal,5385,748,553075216,22569021
Normal,9892,884,359341529,59239061
Normal,12594,149,609023702,30983634
Normal,5624,796,410623436,31346700
Normal,2709,363,290737416,56545754
Normal,10346,280,349477245,10110460
Normal,10103,789,149287936,52957211
Normal,7044,1184,336301911,24492146
Normal,11381,1019,397281456,27593083
Normal,6410,196,243360663,57763215
Normal,8564,760,436194017,8356545
Normal,12194,313,642582230,34030293
Normal,9081,1003,285225325,27880676
Normal,14341,259,616719616,17492194
Normal,12647,492,552026388,29942201
Normal,4443,656,696919800,40047518
Normal,9417,161,394393965,42337557
Normal,9926,404,628470768,46711021
Normal,14263,521,598413290,7689202
Normal,6704,729,384122031,23723176
Normal,8780,1160,221324923,29387984
Normal,14491,654,317755082,9224081
Normal,8719,1176,319241227,5848930
Normal,1599,669,672440759,40710155
Normal,1130,763,458129924,12700135
Normal,9287,783,398436717,13947552
Normal,3859,279,328345688,46137544
Normal,13842,63,471881401,44883264
Normal,5465,1061,312366375,22837981
Normal,5656,706,305634248,22089104
Normal,14547,1002,154254877,56736697
Normal,2905,236,283746653,38884710
Normal,9878,220,228340649,57116919
Normal,10208,1169,571046220,54184662
Normal,2335,790,516455560,18684001
Normal,3354,196,617194095,14299677
Normal,7683,1153,148736922,38940416
Normal,1195,367,301932633,55990182
Normal,3406,495,214212286,20814362
Normal,9056,838,379974965,9369004
Normal,1654,486,374498013,24920246
Normal,1828,1123,193476369,28913461
Normal,10240,897,289036856,26357110
Normal,5795,136,337485655,34181516
Normal,4241,880,244408292,38078980
Normal,7992,988,200237082,23844073
Normal,13507,348,149247013,55575646
Normal,6060,126,489593570,29857375
Normal,7742,886,505989976,55118357
Normal,5040,888,448418176,51851228
Normal,14826,76,695031450,39571211
Normal,5636,808,535739448,35439790
Normal,10351,81,161475481,26745322
Normal,6858,127,539688399,39695655
Normal,14076,959,109865451,54488070
Normal,6874,553,414871418,32501052
Normal,2620,1154,360512288,45153284
Normal,9806,640,456663998,33089839
Normal,1985,649,301435023,12565040
Normal,2852,625,568117792,44766170
Normal,10382,351,636051299,40499147
Normal,13286,694,116287899,8863079
Normal,12704,734,465306999,20701243
Normal,1657,491,472060171,41504707
Normal,8728,640,649039033,40239602
Normal,8766,932,205782931,57321138
Normal,5376,1169,477898681,58930118
Normal,3101,678,256830988,49096027
Normal,8358,494,419049642,44692502
Normal,6293,579,293332571,19080023
Normal,13328,827,434148996,39237349
Normal,12729,705,157895582,34724306
Normal,11349,95,139010684,38500248
Normal,7522,797,590290181,18544444
Normal,1383,372,150010231,36846492
Normal,9343,272,579864606,34777194
Normal,4141,826,274088634,36631732
Normal,7745,416,544904474,30736117
Normal,5916,1152,554340233,27660207
Normal,3680,576,359370065,35341851
Normal,7216,1172,604711526,20381802
Normal,1098,844,492084955,15703539
Normal,10042,539,659029493,31237994
Normal,10718,190,215850637,18897158
Normal,6746,305,389258150,28016774
Normal,6527,944,282813153,34743219
Normal,7975,306,304313563,43331543
Normal,5229,1120,287417454,44450077
Normal,13482,248,408343855,5251644
Normal,2955,1010,452554089,14838896
Normal,2878,777,396171742,52218585
Normal,7430,190,688697772,28773025
Normal,10680,856,333196308,47644879
Normal,10784,347,657120706,45971191
Normal,4212,1001,274618561,37487391
Normal,6020,925,692312786,45762897
Normal,3983,714,571213733,20450426
Normal,6000,683,327546743,58125981
Normal,14102,586,481730102,37457979
Normal,11981,577,293911355,53554143
Normal,13934,58,240057606,16789992
Normal,8861,310,251295933,48546865
Normal,1641,941,292167093,21276946
Normal,12767,788,393397393,29321939
Normal,13281,786,381168507,35653860
Normal,1504,1106,361297360,10477060
Normal,9009,86,565814443,10635974
Normal,14506,1045,654566507,38789994
Normal,2657,990,384421775,25855579
Normal,5599,744,113550248,45496479
Normal,5806,369,247255989,5155506
Normal,8752,117,437317723,27448165
Normal,8654,263,619670887,24276477
Normal,9748,1042,670059384,8249496
Normal,6282,1149,130047104,36036808
Normal,12502,301,515051580,46777070
Normal,6091,909,622393873,59125706
Normal,12748,527,304608301,37293572
Normal,8978,88,136356533,20621555
Normal,7792,204,111794870,18513689
Normal,8379,202,446772690,33740016
Normal,7068,383,255092313,57822451
Normal,9067,1046,660174712,46492254
Normal,12500,178,154184576,19021380
Normal,4127,963,240485606,7486139
Normal,6801,119,618008789,54998625
Normal,2771,802,500673912,27406967
Normal,4384,598,690031151,8867970
Normal,14257,312,320902978,19191872
Normal,12043,722,184438546,31590251
Normal,2599,210,228549544,42319482
Normal,13436,1133,681103787,52715639
Normal,7414,937,498484216,41058848
Normal,11959,233,676891038,53285094
Normal,14682,353,299196550,37510584
Normal,12697,299,516348793,52865641
Normal,10956,290,187060432,18497442
Normal,7650,203,655966449,19378358
Normal,2817,847,443526139,12488095
Normal,11805,758,450961160,51419109
Normal,14100,139,236404082,58848571
Normal,1398,682,418601884,54754734
Normal,2143,632,242593715,6389684
Normal,2971,261,471378961,50166389
Normal,5297,542,498984375,53433106
Normal,11380,486,260099411,12635465
Normal,2678,396,530148849,37527553
Normal,14651,132,499097422,23511839
Normal,13999,1089,578166186,34935306
Normal,13329,666,146887695,5144359
Normal,3022,131,184628022,53203313
Normal,10920,1025,680348393,6225553
Normal,8635,294,666818438,28249499
Normal,12703,507,240428986,50498945
Normal,1944,51,542493857,50744073
Normal,10687,1067,570086895,57936446
Normal,2685,748,129488249,30655401
Normal,14133,319,524459043,40652540
Normal,12260,1087,228831477,14746538
Normal,8457,250,106093472,17294774
Normal,1491,542,554722678,21679372
Normal,1611,691,271170568,22786426
Normal,12852,621,585966154,33979191
Normal,2502,707,128140595,15595990
Normal,5575,181,240831247,10919563
Normal,10767,1032,104335484,28900895
Normal,10358,665,305320632,5440098
Normal,6353,944,525572236,41010917
Normal,8913,87,578674373,40333871
Normal,3354,1155,268834873,30382994
Normal,13576,890,470842263,50788418
Normal,14646,961,500183272,13872393
Normal,10216,816,188685522,36720662
Normal,3815,898,108788438,35931071
Normal,8522,397,222943079,50116726
Normal,4010,843,302163839,44308849
Normal,6100,1000,350455714,36238973
Normal,2102,906,409207912,46215000
Normal,13285,755,377963005,22967160
Normal,3967,593,659830367,8852543
Normal,13792,709,424760132,29200857
Normal,7469,1049,434059203,26902223
Normal,5918,503,322487968,59700187
Normal,6503,227,100851519,40152924
Normal,8413,333,593570608,26686972
Normal,5068,635,236022349,57201003
Normal,1721,1189,549786333,21171212
Normal,2343,96,276781058,25458069
Normal,9030,100,399796402,39249026
Normal,9362,450,334230616,32988069
Normal,2935,570,591047824,14546366
Normal,3537,566,495594756,6172463
Normal,11021,662,462014549,21778179
Normal,14664,641,645639339,6270165
Normal,11863,915,526273360,29114710
Normal,6663,551,482743927,46965435
Normal,8123,574,400382273,50400059
Normal,7422,312,533316098,29588632
Normal,9124,1051,182751234,6340969
Normal,8469,197,107652827,27654720
Normal,14016,681,270844035,45343116
Normal,2707,860,361528655,19567242
Normal,1511,534,594091287,6062753
Normal,4122,570,456890900,16920476
Normal,6421,494,193317528,47877833
Normal,11292,260,160116220,51639391
Normal,2295,1010,346357758,15864334
Normal,10041,641,259871480,46199965
Normal,2561,595,184734505,21047053
Normal,3335,872,225447538,21253121
Normal,4881,1115,367802385,41693113
Normal,9945,678,560521417,23466990
Normal,10398,832,387255767,25095461
Normal,3966,340,674386055,47617429
Normal,8404,366,380977113,52011340
Normal,3452,763,296818639,13157994
Normal,4294,754,448069760,31721879
Normal,6954,201,475104759,42593772
Normal,6735,478,579081570,24428734
Normal,1116,333,576253617,58921734
Normal,13761,120,644005232,20514769
Normal,11085,919,170251677,36873124
Normal,8237,839,218476586,41563387
Normal,12476,239,635886451,25039671
Normal,10970,859,383994402,57187698
Normal,14962,722,653484702,45872296
Normal,11046,241,621359170,32883306
Normal,3453,319,318763138,42923549
Normal,6682,995,294015115,34674058
Normal,7807,1184,416573205,20581598
Normal,8104,287,376247445,50226342
Normal,4664,1189,593761618,20080314
Normal,14989,1134,166629075,40389979
Normal,4297,418,142940078,52245503
Normal,7032,1195,340295791,37658392
Normal,6963,122,107211839,13014896
Normal,8067,254,366963106,32214277
Normal,8609,186,105391822,37387635
Normal,7231,960,333661654,42583603
Normal,12066,778,398892043,12430257
Normal,13903,1093,403566272,5897422
Normal,14871,1068,396459584,18162706
Normal,5032,356,267004148,10955127
Normal,7375,661,616875916,42333172
Normal,4782,663,642549191,16181601
Normal,9473,825,287921465,41970289
Normal,2513,992,671446177,15180789
Normal,2306,630,267270662,51380101
Normal,6210,817,384058931,18238863
Normal,3053,546,525486678,45599326
Normal,11518,219,181863142,37507686
Normal,3859,1064,580177406,6308835
Normal,8867,1159,369838318,21481729
Normal,5783,108,586439552,29518948
Normal,6500,760,539384494,49156253
Normal,6128,797,501836106,21547326
Normal,14522,800,540226924,16600767
Normal,6527,475,198532688,29838856
Normal,8700,702,412710000,47864524
Normal,14337,414,370121596,49196789
Normal,8896,746,579234398,13207516
Normal,1468,1163,677356824,33179177
Normal,4976,105,665677230,30118123
Normal,9587,668,215277115,59834268
Normal,13640,1014,144849190,46029307
Normal,4465,583,679757860,37693040
Normal,9818,114,126631511,9231964
Normal,5701,769,320729080,58758985
Normal,11285,661,460184434,43334391
Normal,5303,867,133990300,41369134
Normal,9813,212,145164203,55477156
Normal,9067,284,161816874,15104382
Normal,4700,927,162980348,18395438
Normal,7170,815,310265443,8569204
Normal,13391,747,313524873,48192647
Normal,12320,913,357909619,58191867
Normal,10593,366,100921084,38844395
Normal,13559,1126,268285808,53817301
Normal,10069,538,352498648,23343067
Normal,10094,1155,200086519,26315436
Normal,11387,927,512930232,19786332
Normal,3608,1004,546776053,46214893
Normal,3864,481,550075846,59310823
Normal,10579,1118,280768607,54129401
Normal,13294,790,591937123,36396422
Normal,11635,772,429681527,6302855
Normal,5022,676,390260171,19372648
Normal,6288,193,168893004,34175983
Normal,3514,502,310149783,44668518
Normal,2078,1146,639476930,6498956
Normal,7245,675,363672405,9166555
Normal,5999,508,394983056,56478682
Normal,12433,289,521265457,51074250
Normal,12672,287,383513519,49233120
Normal,11261,134,544707833,40557349
Normal,6701,432,468908614,51900101
Normal,1276,541,252384867,27243119
Normal,12737,124,242546432,34144513
Normal,8668,764,282162023,26036994
Normal,14035,943,678742143,18722681
Normal,1496,492,174446328,35105301
Normal,3236,1137,166249904,16157553
Normal,11811,74,641039844,56985413
Normal,10803,820,218074503,43481368
Normal,9140,161,204998404,36924199
Normal,6302,1005,103512891,33719302
Normal,10023,89,416461499,39838051
Normal,9142,480,123589420,48562592
Normal,12627,1129,583434623,9478668
Normal,10475,322,159914201,29612886
Normal,6458,680,112081802,22129865
Normal,8545,988,451662934,5293448
Normal,11371,671,383596876,14997215
Normal,10151,644,322999075,34964429
Normal,2075,304,491662546,46574897
Normal,2620,916,315879893,9181062
Normal,12102,1084,276748463,26415860
Normal,9904,1190,527619620,55168672
Normal,9211,191,622670208,54608588
Normal,3203,457,473438216,15416318
Normal,14234,91,306831735,11199779
Normal,8303,677,615518230,11919673
Normal,6494,814,103185770,23039205
Normal,11589,742,307493714,41949571
Normal,12035,578,484345293,36301760
Normal,10848,82,354092852,23144690
Normal,11671,839,217688455,56040590
Normal,9260,384,419712487,40702607
Normal,10044,851,176015491,29112694
Normal,3911,159,516043274,53705933
Normal,4869,251,209518846,34183603
Normal,7588,921,499813297,54763057
Normal,10531,163,670280479,49802151
Normal,12577,525,333930867,12397507
Normal,2320,407,460476706,17074049
Normal,4428,913,468784567,59196959
Normal,10767,504,204272604,45103354
Normal,13470,345,164903864,57218728
Normal,8084,326,644790381,46628970
Normal,14658,78,562744729,49131821
Normal,9992,1031,210772567,58229331
Normal,4244,794,206568722,27942700
Normal,14211,170,285349696,22337258
Normal,7179,547,241920445,19754456
Normal,8383,402,233590470,20573078
Normal,2401,458,443392804,35626169
Normal,11148,193,430667452,49465291
Normal,9443,95,218531016,59941143
Normal,8378,304,431391764,31290383
Normal,12215,190,261862181,8625079
Normal,7773,213,549123844,44814815
Normal,7242,1177,628475954,30325243
Normal,5119,262,279387014,32783643
Normal,14006,422,463384556,22895185
Normal,4214,268,401900291,8571942
Normal,12578,376,512191603,15383663
Normal,7731,258,106507242,30178431
Normal,7202,455,566076318,44383481
Normal,12100,399,463552173,18605945
Normal,3612,695,618146139,17137167
Normal,5802,842,305913639,35246716
Normal,8578,230,278857197,59737369
Normal,13318,848,577036641,53197502
Normal,6863,232,239042424,35362435
Normal,13243,528,255625071,49417339
Normal,12871,1041,428331369,16963672
Normal,12932,1018,235844510,43868560
Normal,12469,984,561845118,29297000
Normal,3762,424,546558630,23497610
Normal,4442,559,231467228,37057058
Normal,11152,959,457179784,28183555
Normal,6401,81,451185876,9069030
Normal,11011,665,213203809,44837996
Normal,1587,714,625953632,25549493
Normal,9403,610,136933722,24672389
Normal,14362,160,209096648,37334833
Normal,8232,1003,286059876,57248803
Normal,6725,1088,244013627,34398555
Normal,12156,530,365627353,31654904
Normal,12506,119,678065889,23629573
Normal,14799,690,237678716,24479918
Normal,7201,91,555676947,50704908
Normal,14350,674,455367665,22192028
Normal,4205,1180,427000700,49673457
Normal,6298,259,563536563,52400936
Normal,7578,530,661534625,55977651
Normal,12719,781,366768415,48167899
Normal,11513,733,361388011,18829853
Normal,13213,1035,549457019,10941633
Normal,1270,330,411302923,38875213
Normal,13071,91,177725868,33133718
Normal,10313,465,261170372,18257346
Normal,4315,330,489458191,19868771
Normal,2727,1011,100249195,52595898
Normal,6947,367,345883128,11180557
Normal,9446,739,279901671,30709455
Normal,1426,302,327163220,27844716
Normal,2094,1066,527432732,18811892
Normal,2008,695,605309906,31832211
Normal,11629,483,294347383,27057351
Normal,10515,290,264120470,38825622
Normal,10081,1138,139090141,47522418
Normal,10855,843,151080302,16691822
Normal,3667,499,646785101,49982169
Normal,11365,508,194001299,12414224
Normal,9084,1004,349005457,45586257
Normal,2507,1057,471970018,48396584
Normal,10214,631,616008603,29561879
Normal,11892,678,654585714,57882513
Normal,14296,362,667976386,58276734
Normal,4464,502,196321444,15817296
Normal,1715,1035,456997027,53697486
Normal,8885,111,652365614,32765317
Normal,3844,620,677156588,42492871
Normal,8790,353,269558220,28948267
Normal,9855,1084,555745608,13379444
Normal,9022,399,129346707,24422424
Normal,2478,226,116581248,22744841
Normal,2457,930,569077503,59990185
Normal,12254,302,372577609,6190691
Normal,13574,737,484236036,8268895
Normal,4205,860,194515995,21358152
Normal,6923,1074,548381260,18905447
Normal,8819,576,561993295,20874359
Normal,9689,267,456831799,26075737
Normal,8014,772,447284547,10929546
Normal,6370,1149,233874305,43905141
Normal,1512,817,538383483,32029172
Normal,2949,153,201585234,50538357
Normal,14387,63,195648564,25053006
Normal,9018,479,143236067,29897044
Normal,3196,455,371173279,12017593
Normal,9169,486,290784655,12546754
Normal,2482,729,285681623,40851762
Normal,3424,1060,534825020,29668087
Normal,1251,1116,606967303,13297767
Normal,3249,1078,669529287,38676080
Normal,12247,1198,503438802,58080329
Normal,12610,686,127579543,56059868
Normal,4768,590,147024818,27017363
Normal,13512,1000,369958303,54101054
Normal,1152,1171,669948303,39711051
Normal,9493,204,571381981,36166680
Normal,9199,1116,560629136,16949915
Normal,10155,80,244876216,37492637
Normal,1932,1122,242472328,15566714
Normal,11094,603,340166359,5900747
Normal,2502,728,499653486,43131704
Normal,8617,130,201821586,57646170
Normal,4063,760,642417551,55283849
Normal,3489,937,547356030,16434388
Normal,3462,367,120118676,49611475
Normal,5823,105,180683781,5795098
Normal,14735,1162,318180425,15529861
Normal,11563,87,577931208,17483689
Normal,2522,1054,123830266,29174841
Normal,9454,958,278500659,26412835
Normal,10906,715,652386369,18711215
Normal,9244,1038,609249456,36753196
Normal,13779,360,504718885,10329683
Normal,7049,267,580660591,31413428
Normal,1831,467,490940646,24102579
Normal,5364,416,515279925,17845612
Normal,3934,158,574237508,22293371
Normal,2367,407,397841446,19618018
Normal,9889,951,681032579,15157842
Normal,11985,324,542478858,22733473
Normal,6192,857,516928788,18384544
Normal,1944,918,171519143,15105097
Normal,10193,89,402557996,11894826
Normal,2297,158,183725394,34157468
Normal,11996,185,297611184,42913970
Normal,13267,239,575139361,6027573
Normal,10480,676,632796627,43645873
Normal,7768,957,455571382,11041422
Normal,8894,345,142063872,55344796
Normal,12560,781,569331480,55423257
Normal,6907,372,553094345,18372040
Normal,1309,318,679916396,27848802
Normal,12037,963,499029158,48950261
Normal,1976,666,582565884,28160628
Normal,4056,960,461855502,42382505
Normal,12545,679,167266027,20398400
Normal,2198,1105,331689784,54480343
Normal,14802,625,428554918,54524997
Normal,5899,877,148875511,58618889
Normal,3040,887,124649315,36618769
Normal,2586,713,321424724,14887976
Normal,2437,176,153411409,56090741
Normal,6888,763,628914196,47576705
Normal,1857,546,689706200,33816075
Normal,8959,1098,619938419,51267377
Normal,1996,375,397325118,51617522
Normal,2411,109,562550477,15214252
Normal,7704,990,545014468,20957459
Normal,7332,648,280034838,6625806
Normal,5123,229,568252185,57538301
Normal,2319,1068,619243709,6951789
Normal,8323,297,360922023,53039706
Normal,9695,319,694668507,54708502
Normal,2093,429,213204375,24711116
Normal,13582,708,544597264,23717542
Normal,9870,837,127723524,27019990
Normal,1463,502,399179762,36968321
Normal,13066,622,174759584,51007963
Normal,10289,636,485673683,58877934
Normal,2462,941,582610548,54115885
Normal,12654,481,513681256,7606391
Normal,7901,1158,362042257,11290709
Normal,5708,513,489924285,10517736
Normal,9428,1139,362555371,17546229
Normal,2345,602,523857973,9428322
Normal,10072,1156,464653279,52065635
Normal,8148,832,485942436,41918566
Normal,1339,652,629931543,20673320
Normal,2446,336,325755684,28586749
Normal,6420,60,637443303,23774346
Normal,2081,93,144272752,51904316
Normal,8525,506,144122501,48641150
Normal,8752,112,570126238,5282066
Normal,6454,1176,266174221,6905593
Normal,11554,88,307092990,31859888
Normal,3827,1184,684687438,57560963
Normal,4897,1194,388790122,17347551
Normal,14806,300,643706492,17154752
Normal,5531,173,499910844,17042965
Normal,10947,1043,155130670,57817774
Normal,6457,866,321822517,36483749
Normal,9136,997,266423851,7451293
Normal,3985,322,500104468,22650376
Normal,7805,1008,573700171,21460731
Normal,6680,1137,619910623,53551295
Normal,14875,569,347341595,33917068
Normal,6811,298,675496361,54364366
Normal,2332,535,338360658,39854952
Normal,3854,561,109175148,46398161
Normal,6661,747,177949874,39751249
Normal,9913,616,140366765,47485585
Normal,4330,78,679712610,40570060
Normal,10688,1092,438274428,17203638
Normal,1445,522,305309357,37644674
Normal,3328,645,134441885,38964019
Normal,5520,797,490232392,55588728
Normal,5880,704,541199310,48347208
Normal,1253,497,258816491,11408699
Normal,14358,323,184405130,47847967
Normal,13519,111,220884262,43361363
Normal,7226,364,639061981,51533692
Normal,13846,151,598470780,51926508
Normal,7706,315,689341037,30285927
Normal,3816,386,223447704,46116439
Normal,2091,227,665377132,8861730
Normal,3659,224,427114247,9365331
Normal,9998,508,422080464,20573786
Normal,14163,357,549103406,16534395
Normal,11804,919,157712375,21439954
Normal,4377,984,195487198,44023281
Normal,6394,911,450997304,46942491
Normal,7356,935,626821350,33881329
Normal,8498,251,460264022,43077126
Normal,14414,990,182889152,9828097
Normal,9171,588,161976797,21793643
Normal,7731,587,295234213,17590978
Normal,8427,366,310810816,24508520
Normal,13039,753,129591255,58806812
Normal,1676,488,680975064,58428030
Normal,12851,581,551897432,49690963
Normal,12144,949,654199831,30327807
Normal,6728,362,469333285,37694492
Normal,8416,732,220294892,34959109
Normal,13188,1099,330453514,24642383
Normal,1290,696,324122976,42849260
Normal,11662,150,360242151,15478654
Normal,14006,870,229798748,39997678
Normal,14096,289,314723531,11557474
Normal,14132,91,260737256,9279816
Normal,8695,147,507794801,49030873
Normal,4852,1003,474167327,37795244
Normal,8335,1180,341418130,46870906
Normal,12265,1169,580530143,50345429
Normal,14031,128,393837869,46291006
Normal,6452,657,147788244,19194871
Normal,14085,975,399840740,49503427
Normal,11893,244,554523570,27691349
Normal,8124,694,215037233,49103450
Normal,11423,984,225932607,53205029
Normal,6574,263,375527890,9980355
Normal,4975,893,209927091,12208368
Normal,9692,154,287019648,51097378
Normal,9059,286,657122680,57736254
Normal,2354,530,675342828,47544381
Normal,5938,237,432914375,41397376
Normal,2493,284,248624609,36731401
Normal,8351,353,586792671,17092983
Normal,12862,150,264440317,47684538
Normal,14822,789,191099877,56495066
Normal,10100,1069,326852804,34606232
Normal,4723,389,492336092,24430097
Normal,6901,545,324838549,58785988
Normal,10837,542,693288161,27339249
Normal,9344,647,518834599,8073706
Normal,13336,478,283706700,18961480
Normal,13146,173,439191467,29100582
Normal,11163,222,629864574,49885794
Normal,11314,824,515692517,45391656
Normal,11778,508,246975235,56849880
Normal,11974,92,679888333,54900672
Normal,10437,929,630472565,53923698
Normal,14114,334,518648799,5981688
Normal,2487,1027,120003491,34665362
Normal,4363,1023,579018883,37459200
Normal,9247,1147,502443063,6611683
Normal,4403,121,645728487,22171004
Normal,8691,1003,319553224,47888824
Normal,14021,251,522378741,8645636
Normal,2304,970,296669941,52449590
Normal,10840,291,545070865,39399962
Normal,5778,610,597954958,5179057
Normal,8883,77,242082376,36692310
Normal,10792,715,633402173,28803967
Normal,10720,614,452559639,48232335
Normal,1573,457,266019435,53163260
Normal,11993,805,124405654,39065046
Normal,12948,916,483591336,38095121
Normal,12439,506,443175689,45092387
Normal,6445,313,486637131,51798000
Normal,4551,273,486667110,6227210
Normal,1772,108,106512610,26585042
Normal,7928,686,274937997,58404949
Normal,13950,286,315414470,56255845
Normal,11525,770,356479459,59898157
Normal,2264,559,612482593,43818641
Normal,2813,157,455958247,52750233
Normal,3717,711,583424902,32279384
Normal,7597,1035,139895305,57160786
Normal,12340,455,250322030,36135494
Normal,7404,662,244201643,48091900
Normal,6549,817,437629583,19321658
Normal,11747,185,363780445,53800911
Normal,2651,839,672933671,42607437
Normal,11144,467,510485236,59145970
Normal,9730,329,539915084,39757411
Normal,9985,295,446267252,30410997
Normal,12953,367,475807417,23794495
Normal,7828,1131,375390515,46446061
Normal,12186,521,646593676,24977723
Normal,7912,483,564115514,14249803
Normal,8103,961,114541264,13544701
Normal,11952,798,184804708,55063092
Normal,1170,514,449012637,21532416
Normal,11363,595,223168192,55418468
Normal,14292,86,134099417,28958356
Normal,10490,236,555963075,14985719
Normal,3541,1055,239130421,27287141
Normal,8059,122,590158870,57991994
Normal,1094,96,423800231,28241650
Normal,2712,730,640931872,9233521
Normal,11569,1018,411088147,5574221
Normal,8388,708,479685901,24814187
Normal,1375,1027,355377567,33579948
Normal,7081,119,567748458,11669604
Normal,5327,588,221847692,34757174
Normal,13537,363,597142205,10365817
Normal,7826,842,538348479,12205090
Normal,2588,241,172838630,19881343
Normal,12070,846,433096031,40027001
Normal,7792,945,417918426,26487052
Normal,10981,885,112335806,12337343
Normal,2652,776,427958261,26323280
Normal,13467,1135,304503673,49757714
Normal,7241,405,688763120,10742767
Normal,3518,180,679310833,21008836
Normal,4018,1134,596770125,6433386
Normal,6063,469,442293525,33304577
Normal,14045,549,300441967,51826461
Normal,8577,538,532999316,43084694
Normal,3225,619,442802742,22741276
Normal,13614,959,485560545,10628385
Normal,2444,93,462904663,40902542
Normal,6581,1126,190941242,21899996
DDoS,47120,1334,1555943012,88983929
DDoS,18047,2919,1077523385,75903749
DDoS,51758,2488,1392958990,61737498
DDoS,27506,2968,942821566,82436537
DDoS,57968,1256,1737580412,80252758
DDoS,16183,1723,940404098,63013285
DDoS,24400,2346,1756413957,69482774
DDoS,57389,2860,903839417,66568795
DDoS,26359,2703,1175246467,82804872
DDoS,28158,1839,1601297690,70889915
DDoS,46595,2642,866489271,65007135
DDoS,25357,1741,1211029289,82090427
DDoS,40553,1371,1573707558,87721962
DDoS,54285,2516,1048254444,74903904
DDoS,54163,1545,1485788698,72559155
DDoS,44938,1807,1275912793,85928549
DDoS,33215,2493,752845011,67621702
DDoS,46544,2896,926189379,67910571
DDoS,41447,1344,1443890325,74972512
DDoS,53647,1805,819208115,66850095
DDoS,54465,2297,1200884968,87560651
DDoS,51434,1949,887852177,81474708
DDoS,47485,1447,1152337766,85445079
DDoS,32168,2265,983948771,69661532
DDoS,24358,2688,1260041670,64008885
DDoS,23361,2365,1645526933,65957172
DDoS,23609,2369,1242515634,67495212
DDoS,36377,1506,855654103,89717111
DDoS,53247,1302,1099173882,78035425
DDoS,21342,2538,1039969688,89810993
DDoS,22699,1959,1470468624,87913189
DDoS,22713,2552,1375484141,87981598
DDoS,43661,2382,1260343316,74297070
DDoS,24092,2031,1139249310,77249162
DDoS,36552,2815,835410448,89488141
DDoS,39616,2366,1566975246,77432718
DDoS,32311,1544,913438791,73040151
DDoS,39471,1598,1278111479,61113782
DDoS,53407,2051,985994948,85334014
DDoS,23168,2370,1607574539,64728979
DDoS,19975,2564,1348239080,75534713
DDoS,24109,1271,1343739552,88370183
DDoS,58777,1224,1276503560,63240977
DDoS,58436,1767,1049008873,62880378
DDoS,36612,1753,800586558,62991596
DDoS,26167,1846,1156469270,69580505
DDoS,50549,2745,1272652105,67598894
DDoS,54455,2523,1226054441,69429908
DDoS,57137,1473,1596342066,72519780
DDoS,38554,2493,1063353274,74286251
DDoS,39259,1302,983557187,86930935
DDoS,15093,2364,1268766307,72435940
DDoS,20304,2435,1240441151,81899936
DDoS,52843,1653,860040560,67753426
DDoS,46374,1398,1679117127,64331023
DDoS,49438,2202,1076944741,63997119
DDoS,22246,1217,1609791111,62094444
DDoS,46913,1963,1731091094,78618735
DDoS,40844,2079,1277283975,88132838
DDoS,42327,2994,1699496867,67634008
DDoS,18628,1604,1385686636,76985618
DDoS,24771,2075,1592570512,69160302
DDoS,46581,1443,1247716320,65773307
DDoS,44925,1344,1117580418,62712849
DDoS,44095,2995,711524913,68543752
DDoS,17894,1615,1703209311,81047081
DDoS,28226,2869,1452567702,64784191
DDoS,59785,2700,1725236744,64249353
DDoS,55983,2641,1578347319,66613528
DDoS,39314,2259,950765934,80343889
DDoS,49952,1275,1018532941,81467367
DDoS,22720,1879,921135443,81496901
DDoS,25434,2272,711075606,66310111
DDoS,16928,1872,1115816718,87578634
DDoS,30734,2215,1420338795,68230886
DDoS,36071,2565,1664360865,82406672
DDoS,27951,1319,1031633559,67349979
DDoS,31602,1977,1735664935,72349275
DDoS,25792,2676,1238622017,71336624
DDoS,59538,1630,788821791,64503429
DDoS,25964,1658,1369311036,68832446
DDoS,29392,1242,1261918079,69684954
DDoS,56585,2828,793761718,82313731
DDoS,21991,2453,1660212427,66119036
DDoS,25427,1495,820082009,77432118
DDoS,42943,2710,1228412257,75296072
DDoS,42906,2433,791451816,82069962
DDoS,34698,1584,909599760,60121654
DDoS,58980,2207,1624528139,73024015
DDoS,21066,2102,1429637139,68293270
DDoS,41343,1727,772697165,88934414
DDoS,37051,2527,901879362,63679419
DDoS,42406,1799,1569678932,88507652
DDoS,32507,1476,1344079189,75398093
DDoS,15306,2242,1582169825,76104089
DDoS,33418,1881,803573284,86015664
DDoS,56543,2450,1570848927,64816310
DDoS,41288,1793,1072979843,67083337
DDoS,26083,1820,1545396976,61885234
DDoS,51243,2674,1504577938,75780559
DDoS,39450,2348,1131399097,89934366
DDoS,44143,1444,1496125146,73459534
DDoS,35129,1489,760447951,68269667
DDoS,25698,1942,733587937,73915484
DDoS,19666,2903,1633985424,62116096
DDoS,48714,2269,974770766,78217782
DDoS,37255,2548,1727592980,62845112
DDoS,24103,1965,1554931556,63303785
DDoS,44990,2268,1330880631,85622876
DDoS,20997,2644,1270571573,73691744
DDoS,35036,1424,1616867380,70808854
DDoS,25360,1566,1288454713,82331316
DDoS,50370,1867,1574628450,78099049
DDoS,39312,2218,919682862,66856388
DDoS,15941,1786,1765642156,77617628
DDoS,46778,2774,1508982659,64438868
DDoS,22390,1253,1385626358,79077949
DDoS,39005,1453,756741289,67513522
DDoS,47138,1914,750210193,69066012
DDoS,28511,2720,760936445,60096861
DDoS,58806,1597,907780631,74717523
DDoS,58194,1228,1578914392,62125130
DDoS,18095,2127,1247970391,80874105
DDoS,18293,2157,1178043462,68529102
DDoS,59467,2889,1250754951,63823468
DDoS,56711,2434,1250444359,84793737
DDoS,53537,1999,1233746785,61713956
DDoS,48602,2837,1271082360,63105169
DDoS,33758,2276,1093494874,76342179
DDoS,35617,2576,1332958227,81220334
DDoS,59685,2467,1212643077,63977571
DDoS,45569,1314,1393330599,67002080
DDoS,37391,2238,1341233581,68732820
DDoS,45146,2585,1322558217,67987500
DDoS,19102,2712,1056183830,83677621
DDoS,25025,2772,1133269879,84601085
DDoS,16811,2455,1262429986,89638806
DDoS,55528,1841,716084275,61498878
DDoS,45391,2110,825999062,61739552
DDoS,22089,2405,979512833,83530765
DDoS,43087,1547,1160592197,73770160
DDoS,43888,2284,935495733,62388037
DDoS,59019,2482,1243991274,66196995
DDoS,32741,2804,1447580190,78277882
DDoS,41769,1899,1371330906,73166096
DDoS,51064,1448,873466152,66021923
DDoS,29584,2870,1643496384,89656800
DDoS,57654,2656,867683361,74778417
DDoS,27212,2219,1757246810,71211487
DDoS,30718,1836,810666295,79363157
DDoS,42289,2140,1028081590,83295677
DDoS,20527,2478,1731736178,71830074
DDoS,44042,1871,1148426662,79798352
DDoS,29449,1724,925489719,85964472
DDoS,59473,2016,992280774,78806565
DDoS,38288,2936,1269040655,67837011
DDoS,25703,1705,782974957,67368155
DDoS,58218,1410,1790196647,68261656
DDoS,19324,2719,882811347,69830220
DDoS,24326,2093,790074792,63803411
DDoS,32515,2809,807463028,72239505
DDoS,39942,1572,1690013597,63275267
DDoS,49274,2284,1268912570,63465872
DDoS,54137,2083,1631616010,68777754
DDoS,16697,1727,890321351,63183039
DDoS,54773,1907,1265303122,83861275
DDoS,52890,1875,1736221835,77514888
DDoS,21064,2729,1723190189,87667407
DDoS,23176,2675,1660490202,66750946
DDoS,48456,2362,1018213443,84943458
DDoS,16882,2444,834829101,79283011
DDoS,54794,2520,1552200956,60974727
DDoS,41338,2311,931922102,66384780
DDoS,18734,2953,1546490733,89310911
DDoS,36274,1507,1715957117,62634686
DDoS,33304,1222,1072934092,66496813
DDoS,28711,2207,1022910965,76130435
DDoS,48910,2008,947529778,67612025
DDoS,54984,1732,1028427907,61718768
DDoS,37823,1662,1766954442,88651126
DDoS,56114,2739,1025278324,69087352
DDoS,33187,2751,1282797508,81158359
DDoS,37054,2040,1005040558,62110219
DDoS,48889,1995,1192177872,89630007
DDoS,56010,1294,1330929256,81819468
DDoS,42641,1263,1475414435,85691808
DDoS,48027,1540,741377808,81088824
DDoS,55099,2141,717012370,79849427
DDoS,30934,1800,1033854996,83002315
DDoS,32054,2734,1127224539,68402670
DDoS,39778,2515,1087849789,67083912
DDoS,49707,2229,852225702,75586801
DDoS,50940,1514,1744218667,81822852
DDoS,38351,2075,1451186993,75412228
DDoS,26526,2968,1607288432,65979859
DDoS,20666,1961,1709215772,89890922
DDoS,24345,1843,1638105548,84602322
DDoS,54305,1432,817349460,66650178
DDoS,50429,1273,1566872198,73526748
DDoS,24471,1517,825233411,80707767
DDoS,54183,1636,1734564470,69733695
DDoS,36706,2113,950151432,72440594
DDoS,38072,2722,1326329349,64048573
DDoS,22544,1653,1454811722,67257371
DDoS,30002,1274,1758699306,69128598
DDoS,25192,2914,1586802485,74306658
DDoS,41307,2775,1316495698,74652045
DDoS,25643,1903,784606802,62887192
DDoS,38641,2578,940396220,63275192
DDoS,38548,1523,1507833986,75675807
DDoS,25290,2484,761332482,74831962
DDoS,23746,1345,1147947539,88047565
DDoS,45226,1679,1611338272,89817014
DDoS,28742,2694,1656945353,62987931
DDoS,21669,2887,1607817444,60582566
DDoS,16612,2439,1488349836,76779552
DDoS,34012,1848,743819026,86687780
DDoS,52032,1665,1017497231,85560608
DDoS,59075,2818,1571529848,72839789
DDoS,32957,2065,1389175732,68520504
DDoS,31323,1280,1065651758,82178314
DDoS,19401,1808,1013464869,67198525
DDoS,44540,2205,757020539,63894047
DDoS,22712,2865,1724389460,75945678
DDoS,37068,1699,1566732278,67838461
DDoS,31425,2144,1466566129,62874491
DDoS,55434,1775,1182512960,79075256
DDoS,30251,2182,1402638401,71178342
DDoS,45852,1224,1642959548,69612525
DDoS,23429,1829,1559949560,88208631
DDoS,22153,1499,1753415002,65977473
DDoS,28958,1301,861347589,61949484
DDoS,56957,2247,908260588,75077177
DDoS,48654,2556,702453750,66398341
DDoS,43392,1355,827256312,75620535
DDoS,27787,2568,899702965,78815142
DDoS,42324,2940,1600108861,83837141
DDoS,34171,2765,1194921270,63207949
DDoS,55862,1840,1241080353,82577482
DDoS,28312,2415,1298761701,86856348
DDoS,39374,2964,883039828,88390144
DDoS,15269,2389,904118615,84883936
DDoS,16214,2735,1654914462,69302594
DDoS,34372,1487,817458490,63670866
DDoS,52283,1356,1423612620,73229552
DDoS,42840,2855,1737263685,81560709
DDoS,55205,2408,903682397,66006016
DDoS,24694,2916,842786182,69480656
DDoS,52696,2994,1046576896,81074877
DDoS,43282,2343,1619352985,66802119
DDoS,50868,2541,849414123,78112218
DDoS,42557,1568,1466808229,88856064
DDoS,33906,1896,860778750,80082335
DDoS,25208,1565,1743782272,84352192
DDoS,27234,2040,806707740,87211996
DDoS,49972,1948,1454489521,67476093
DDoS,28291,1765,1496221891,82465772
DDoS,19030,2987,1433232670,87403634
DDoS,36256,1341,1341380818,60174187
DDoS,31517,1962,1300890875,75314223
DDoS,57736,1597,1579261189,69647632
DDoS,16933,2309,840702401,89235397
DDoS,59638,2847,1613799500,77993019
DDoS,49723,2097,954739751,64447255
DDoS,35630,2248,1552795902,80341531
DDoS,55783,2909,922814854,69688620
DDoS,16385,1284,812586160,75883052
DDoS,17923,1232,1795765964,67377715
DDoS,26667,2006,1563373289,84470045
DDoS,34684,1333,1370403344,87890492
DDoS,17247,2926,961290136,70045924
DDoS,51724,1457,945569177,66864774
DDoS,17567,2060,796227842,66723598
DDoS,29152,1715,1227803145,76028986
DDoS,36573,2033,1105850083,82003555
DDoS,24193,2220,967773083,69818099
DDoS,27387,2816,976655058,86916389
DDoS,59548,2422,1687113660,72252309
DDoS,49969,1737,756465507,61167690
DDoS,46856,1210,881598028,83848725
DDoS,18205,2855,1744459807,76269730
DDoS,42888,2502,1231385208,88556121
DDoS,25355,2624,1337008141,88549323
DDoS,34359,2864,1292387621,63181094
DDoS,48287,2684,1266661943,80918975
DDoS,33978,2235,1125663098,74296241
DDoS,44904,1319,1755687292,88288860
DDoS,24140,2861,1354338577,73021163
DDoS,29735,2084,1751269703,81589491
DDoS,31847,2720,992097613,72212595
DDoS,23871,1272,878820971,73066721
DDoS,48654,1557,1480860695,66754766
DDoS,18301,2487,1326747464,71330747
DDoS,42605,1384,1034374853,60068453
DDoS,16119,2380,1124057616,84352774
DDoS,17845,2930,1049812140,68180356
DDoS,21182,1899,1635504564,88923617
DDoS,45768,2845,1533626948,86166763
DDoS,41507,1769,1184556044,61305268
DDoS,32770,2838,1450224180,63261975
DDoS,19313,1899,769197594,86868437
DDoS,59553,2400,1467126667,82375172
DDoS,33690,1830,1009202751,81277492
DDoS,34796,1846,928423987,61637186
DDoS,15656,2929,1742104724,63246032
DDoS,15601,2126,1580009951,81817376
DDoS,46449,2630,1566592763,67889191
DDoS,55041,2042,1746646277,60784230
DDoS,56530,2957,1082865627,60598850
DDoS,25418,2606,1529325415,72515385
DDoS,45620,1442,1682208939,80022900
DDoS,39233,1245,755104741,84680044
DDoS,17106,1317,1351784930,65351985
DDoS,27243,1546,1755201649,68564968
DDoS,33467,2456,1139915813,63649387
DDoS,44482,1295,1477801634,77657230
DDoS,19995,2677,1094288123,68188753
DDoS,19002,2156,1029709520,89645051
DDoS,32206,1528,1309051697,73349663
DDoS,21518,2002,1712562858,62911744
DDoS,50665,2990,810440596,64798510
DDoS,46268,1524,897024531,65391833
DDoS,18945,1528,1201598682,69847237
DDoS,18947,1556,1305210753,61395181
DDoS,48304,2543,1534605192,68271098
DDoS,26899,2526,1597933392,88662703
DDoS,53851,1945,1149205989,72037815
DDoS,45274,2139,900290943,86680242
DDoS,27733,2602,1601792112,77103843
DDoS,28222,2871,1275372915,68091406
DDoS,41427,1543,1693810390,74888143
DDoS,58784,2051,1171129383,83395158
DDoS,30153,1678,763958496,69460661
DDoS,21562,2917,1182517626,83759496
DDoS,34738,2046,1535267571,66362379
DDoS,37493,1909,1547097873,75290193
DDoS,25600,1203,1697030835,88490116
DDoS,36201,1742,1753219549,86600382
DDoS,29806,1317,793276450,82464107
DDoS,42881,1292,1736651591,72961236
DDoS,59009,2006,1320344175,61370821
DDoS,47585,2996,1759256435,65499500
DDoS,43360,2277,1569139242,71972538
DDoS,50343,1592,1574533242,89943513
DDoS,59173,2881,1480877020,68266314
DDoS,27952,2278,822761123,76468753
DDoS,45438,2178,1035171119,81641765
DDoS,55422,2032,1448271931,60683470
DDoS,45019,1863,1466567332,87759703
DDoS,27173,2874,1649202491,78152152
DDoS,51237,1586,1637462053,64732491
DDoS,23449,2613,1039942265,84483869
DDoS,52972,1827,1634539823,88188962
DDoS,39100,2638,1205425227,81380280
DDoS,17541,2262,1380836220,81056197
DDoS,19364,2051,1735841104,79504879
DDoS,27169,1482,1727731519,77790883
DDoS,15591,1504,1560436060,71379039
DDoS,35218,1868,774447964,84057374
DDoS,21067,2555,1437042380,80488083
DDoS,25029,1368,1209215272,60462092
DDoS,39672,2435,792169919,63636073
DDoS,55077,2744,845420525,71213112
DDoS,22296,2393,1460655809,73752236
DDoS,43467,2135,842923671,78182628
DDoS,39048,1581,1637483966,83123611
DDoS,49578,1244,1615524060,71448745
DDoS,57147,1824,1553657301,75951482
DDoS,30015,1306,1417110758,63370165
DDoS,59144,1869,735654591,79353800
DDoS,53494,1255,940988053,72586849
DDoS,58619,1582,960007025,61985099
DDoS,33068,2952,1535495609,71635874
DDoS,49948,2035,1475008828,76360687
DDoS,20664,2546,1523798183,86709484
DDoS,53685,1208,1165854879,63417916
DDoS,28066,2392,1075001817,75637677
DDoS,15846,2975,1191861402,81941571
DDoS,30039,1241,1679943400,63356174
DDoS,38755,1516,1299213126,63263996
DDoS,52290,2458,1407774379,62401788
DDoS,44046,2457,1649513200,67465875
DDoS,18569,2635,868912940,73106599
DDoS,52909,2300,1474604732,81113649
DDoS,40736,2656,1203885538,81696190
DDoS,38434,1855,1527011738,71489051
DDoS,32853,1513,1107957525,69283680
DDoS,24886,1451,1139582739,60084634
DDoS,31276,1675,1202714652,77626701
DDoS,44018,1899,921414196,61319910
DDoS,22071,2223,1532930499,72526713
DDoS,46073,2007,1445599173,70666279
DDoS,46217,2266,1409630370,72351589
DDoS,39286,1806,1755446556,68197317
DDoS,37376,1394,1705622937,77233794
DDoS,56386,2112,1313405145,63836632
DDoS,35533,2107,1654403873,87621047
DDoS,40175,2385,1128150039,79965075
DDoS,25785,2201,799944551,70104395
DDoS,58884,1873,1675257878,87572518
DDoS,15788,1946,889084773,78752413
DDoS,32103,2975,1598123630,63837744
DDoS,19937,2417,1466038410,63712078
DDoS,44638,1903,711890917,68272004
DDoS,55154,1418,1539252021,86640495
DDoS,30301,1973,1254255921,60925290
DDoS,44091,2211,1363783660,60949015
DDoS,21309,1207,1332712015,67274236
DDoS,25361,2514,1078401000,80130069
DDoS,39125,2131,1554573320,67464870
DDoS,32555,2037,1755454916,82227952
DDoS,31869,1271,834155193,85645000
DDoS,21003,2407,752603399,62764474
DDoS,51710,2976,1010497406,72397594
DDoS,34902,1605,1026502520,85168276
DDoS,30198,2268,1562724650,83945075
DDoS,36472,2571,1569727099,78997784
DDoS,42331,2393,1667409264,76652780
DDoS,28836,2099,1562072435,82006801
DDoS,28830,2320,1314683325,63723817
DDoS,40332,2971,1263221031,88985874
DDoS,26338,1704,1489324411,66297633
DDoS,32482,2343,1696102539,61032634
DDoS,19809,2942,1266557128,88443839
DDoS,26154,1797,1084780209,77923670
DDoS,19719,2830,1509720514,80952084
DDoS,45555,1352,1443422473,83269425
DDoS,38568,2136,1144206432,86234299
DDoS,55988,2437,999460928,62348956
DDoS,50897,1497,996480402,85962974
DDoS,58030,1746,1564368712,62882985
DDoS,55996,2228,1312938256,64274069
DDoS,38615,1259,1450567572,72483291
DDoS,18449,2879,1183698209,77632970
DDoS,24728,1213,1105042337,72400990
DDoS,59320,1781,1793675730,89246703
DDoS,36613,2490,1534194561,69026650
DDoS,27820,1765,1002287596,68259309
DDoS,16806,1725,735715101,69703250
DDoS,40582,1798,750585410,87244080
DDoS,30333,2610,752905448,60906314
DDoS,35809,2027,1511940284,80278836
DDoS,40252,2316,736505961,86376977
DDoS,54352,1859,923978254,89153250
DDoS,36226,1441,1617969996,88160281
DDoS,16571,2220,1088426538,86798934
DDoS,31887,2575,902793231,86415026
DDoS,57978,1685,1154808864,74137719
DDoS,34438,2469,1713179938,62262818
DDoS,39746,1335,1162544393,62794205
DDoS,24499,2007,992879416,67609590
DDoS,57164,1290,741488682,75743728
DDoS,51320,1988,811974290,86746264
DDoS,17761,2546,983286585,72691794
DDoS,29950,1590,775178673,89555523
DDoS,54663,2345,1296564500,85694182
DDoS,54013,2530,883220530,81425901
DDoS,56750,2517,911249764,61405612
DDoS,38526,1640,960502455,63928296
DDoS,51774,1860,1482677076,78835289
DDoS,25763,2299,1749205662,65030301
DDoS,51954,2578,1302142778,75779253
DDoS,51844,2396,1794145013,63182810
DDoS,35094,1311,1056635111,86629970
DDoS,27768,2117,1768989716,80086271
DDoS,58349,1481,1147631017,73925136
DDoS,54304,2057,969175790,73253294
DDoS,22683,2915,1684449471,79199002
DDoS,32657,1806,1210940928,72981106
DDoS,50641,1745,1409758628,68751693
DDoS,39855,2640,728262392,82509181
DDoS,30468,2377,711056169,65283816
DDoS,48145,2986,1184076572,82775632
DDoS,33003,2820,1219621374,66577886
DDoS,31028,2050,1352955906,78430118
DDoS,46154,2588,1689681111,82915022
DDoS,43870,1420,1486684972,88288164
DDoS,40419,2785,788878344,73375809
DDoS,27659,1798,1679397287,82039303
DDoS,27885,1868,1285520721,89775941
DDoS,50840,1423,1383374682,74708843
DDoS,55170,1230,1703170614,72217998
DDoS,32147,2415,1565605181,73256051
DDoS,38749,1706,726786109,63974680
DDoS,46765,2349,1043151596,83712388
DDoS,33435,1387,1653632755,65177795
DDoS,45756,2675,1127268330,87366373
DDoS,50874,2218,1228327119,80298037
DDoS,42001,2912,1180658423,82930731
DDoS,56526,2774,1415139300,73338001
DDoS,41125,2809,1690020791,80453893
DDoS,44071,1941,978029475,81332566
DDoS,41008,2283,1361326567,75426370
DDoS,17183,2079,1502721766,65132126
DDoS,43946,2994,1246248217,85470100
DDoS,20165,1822,1648782428,86418459
DDoS,30696,1818,1224100569,76451653
DDoS,32339,2284,1159552025,74966462
DDoS,39114,1819,1474344257,88303496
DDoS,52064,1811,966764524,61657024
DDoS,20813,1304,1505426664,77942690
DDoS,22915,1314,1398875890,77811336
DDoS,49081,2518,1200129541,78895792
DDoS,29241,2993,1342995708,62479431
DDoS,28530,2565,1205072931,74750587
DDoS,46369,2357,849521580,83625251
DDoS,52526,2579,1783473002,82847442
DDoS,27483,1534,1618384469,66250216
DDoS,27255,2827,776170651,66152912
DDoS,17747,2200,1566389712,70191990
DDoS,19621,2140,1560089813,76622338
DDoS,29748,2326,1722744218,61173030
DDoS,45614,1260,723427650,66427141
DDoS,51400,1736,1177382375,63170257
DDoS,40896,2024,1726723056,60105928
DDoS,47414,1869,1274130162,64450208
DDoS,18970,1934,1432647296,87504700
DDoS,51537,1365,1412653028,81150192
DDoS,45342,2483,1220617808,87474391
DDoS,41003,1758,1789901854,75332041
DDoS,46364,1631,1555398054,78529629
DDoS,57267,1643,1762024318,80751102
DDoS,35917,1666,1567341038,78121876
DDoS,29063,1602,1436330281,78274974
DDoS,57225,1609,1337624531,75318361
DDoS,50546,2115,807226093,82823979
DDoS,48362,1292,795173037,60202989
DDoS,18702,1244,1416892018,67363049
DDoS,18466,2494,957145530,85148948
DDoS,38829,2606,1443723690,62331626
DDoS,22643,2236,1023174687,65239118
DDoS,38696,2816,1742348713,70279797
DDoS,25083,2667,983176837,82449727
DDoS,17855,2456,707043294,87195985
DDoS,24760,2547,729453520,78721241
DDoS,52876,2180,1788964087,69041148
DDoS,17304,2642,1734277629,80752852
DDoS,32949,2611,1128227592,71913187
DDoS,46562,2871,1114068589,76700415
DDoS,25345,1563,1106457285,88772908
DDoS,34160,2843,1683897526,71057769
DDoS,58799,1724,1191850613,83298645
DDoS,34340,2126,1609510621,62782831
DDoS,26246,2658,1309872926,71386864
DDoS,39676,2529,962307329,76581991
DDoS,17282,1695,1013749647,61563567
DDoS,28042,2943,1221601373,66760271
DDoS,39485,2066,1119621438,87153944
DDoS,17630,2526,1275040388,60496493
DDoS,27811,2842,1543924039,87578350
DDoS,42006,2006,1488629785,61485488
DDoS,39439,1782,1115030768,89663500
DDoS,22509,2422,733140206,74318666
DDoS,23453,1351,1608178154,80918120
DDoS,46284,2259,1519470357,79659026
DDoS,52950,1901,1053423539,71629558
DDoS,15123,2820,1451530401,81031000
DDoS,44202,1394,1439011994,72942214
DDoS,49045,2096,947210158,79872333
DDoS,34764,2157,961621883,67321066
DDoS,45075,2865,1590021517,77006044
DDoS,24340,2940,1358486785,84932664
DDoS,52240,2599,887470040,81774454
DDoS,44063,2665,1108323330,69612845
DDoS,16813,1335,868804583,81813513
DDoS,39008,2727,1189656118,84732788
DDoS,42604,1219,1439730045,63961903
DDoS,21531,2740,1307570992,69849557
DDoS,38252,2341,1421351183,71486156
DDoS,31819,2775,1797912206,81691745
DDoS,54341,1954,949725771,84715513
DDoS,22445,2059,1510891018,89462496
DDoS,33033,2145,1351155246,83353968
DDoS,50978,2085,722194454,66859137
DDoS,47817,2761,715921382,82362513
DDoS,20737,2202,1252275484,67348736
DDoS,19740,1337,832030717,71348254
DDoS,43016,2354,1474115808,87756408
DDoS,41726,1786,1538550274,71638157
DDoS,56349,1333,1390969532,87500086
DDoS,34026,1987,1080980472,75122733
DDoS,35837,1917,980821558,72434956
DDoS,27801,2313,1527058419,61618810
DDoS,39586,1715,1083465154,76893556
DDoS,28636,1202,1637484215,80583206
DDoS,19529,2277,1345938461,63439053
DDoS,30481,2840,1635709252,88601516
DDoS,49655,1347,1097932512,73127381
DDoS,51255,1313,768183712,63549920
DDoS,46633,1873,916000201,84175161
DDoS,16449,1344,846771723,81084531
DDoS,29533,2915,1664686779,63609872
DDoS,57162,2244,1157446022,81221924
DDoS,16330,2219,1121552569,64938670
DDoS,23396,2339,1512390563,63755479
DDoS,37486,2759,1739278096,81935644
DDoS,26494,2736,1355690801,63065683
DDoS,43182,1412,795103931,73980362
DDoS,18099,2536,861064504,68888337
DDoS,22967,2069,1159807028,69734185
DDoS,51319,2583,1247670504,72134813
DDoS,45359,1505,966321358,70059574
DDoS,40907,1855,1091099642,88882135
DDoS,18445,1592,1084049662,77084144
DDoS,23238,2643,1543146022,79519458
DDoS,26678,2874,1630987152,89477504
DDoS,42478,2427,1779293289,88217636
DDoS,32326,1670,826289349,76858698
DDoS,31717,2190,1142642014,63207690
DDoS,20757,2617,1020145570,87006001
DDoS,52721,1851,1243428721,88134689
DDoS,21067,1944,1343038612,77220363
DDoS,42346,2785,1433863851,87122310
DDoS,59159,2625,733535174,73466042
DDoS,36099,1704,1231898883,77717027
DDoS,47223,2307,1541918056,88869504
DDoS,29485,1949,1451563801,85644826
DDoS,37354,2418,1606246256,70877515
DDoS,28810,1590,1406352647,65867358
DDoS,45852,2448,1671573493,61742661
DDoS,52640,2884,1339195742,60579510
DDoS,26954,1799,1763430989,67952058
DDoS,50197,1434,1739713313,63967712
DDoS,16699,2315,1294491899,63491477
DDoS,25782,2721,1719928820,60672527
DDoS,37337,2298,770068949,89939934
DDoS,19944,1704,1303844496,72076785
DDoS,57831,1287,1666419321,66462631
DDoS,48959,2732,1305436440,82895128
DDoS,24208,1892,985491022,84451115
DDoS,50938,1658,793063170,76062068
DDoS,41054,2173,1726085799,83380580
DDoS,43383,2333,847311701,88631525
DDoS,57821,1968,1473589656,72376836
DDoS,51677,2080,745596345,67580423
DDoS,21956,2183,1679008366,61349788
DDoS,51843,1308,1699815230,60312501
DDoS,37385,1994,1517408978,69710004
DDoS,52038,1388,1305247167,71607514
DDoS,48827,1725,818964018,89896480
DDoS,42485,1301,1182494013,89813425
DDoS,50600,1781,1626756877,70003288
DDoS,51522,1854,1216770949,69389416
DDoS,53893,2665,1413634146,80136474
DDoS,46981,1768,1076177429,69450429
DDoS,51841,1575,1410769545,86525328
DDoS,33046,2291,1302509628,75510599
DDoS,38282,2289,868817399,60142746
DDoS,21765,2452,1477862898,71719351
DDoS,25928,2108,1196860561,84047236
DDoS,18205,1634,1710163759,75826422
DDoS,42340,1822,1279335449,82648655
DDoS,34228,2594,1500461386,80239845
DDoS,19350,1413,1253546543,61186601
DDoS,17470,1206,1484700950,84725872
DDoS,38694,1943,876924025,62586166
DDoS,32544,1348,1333294883,60933040
DDoS,37324,1228,740613351,68404918
DDoS,37646,2069,709878572,67328058
DDoS,54715,2765,1007830346,88489685
DDoS,25376,1391,850979752,66236029
DDoS,38394,1361,1398373944,77782263
DDoS,53051,1370,1610997696,73022829
DDoS,44653,1204,1558725872,75090646
DDoS,33588,2711,785158864,77803915
DDoS,58912,2378,1638305965,85836121
DDoS,44957,2476,1090333824,63315251
DDoS,33362,2871,1360118029,85434660
DDoS,50486,2869,1622785259,72951030
DDoS,24967,2172,1694322536,63014103
DDoS,16772,2985,1601560290,70777971
DDoS,38406,2537,867271148,76235579
DDoS,57612,2951,1097077553,72544231
DDoS,39015,1652,966815743,70606506
DDoS,20158,1288,719359318,64687497
DDoS,33848,2009,1049736851,82427520
DDoS,47475,1978,1799513874,65783472
DDoS,29989,1280,1181449613,60596572
DDoS,49020,2877,933129523,72353152
DDoS,58309,2840,1715495785,66842878
DDoS,36345,2636,1656232324,67803148
DDoS,45448,2019,818746167,88461254
DDoS,15477,1313,1586746877,82423898
DDoS,20398,1586,1556873177,87846920
DDoS,56180,1682,726805744,69274106
DDoS,36889,2611,739035342,79619976
DDoS,50554,2305,1202542475,88366208
DDoS,15500,2516,937912286,64084187
DDoS,44015,1665,715645273,61702493
DDoS,15780,2665,1600501147,64277613
DDoS,16268,2955,972611739,86977322
DDoS,19232,2890,1679864251,80427610
DDoS,45878,2696,941626057,64239748
DDoS,30088,2069,879858452,73179596
DDoS,30180,1412,1264597222,87426417
DDoS,46447,2342,1002987022,64802723
DDoS,49811,1903,1065701244,72221366
DDoS,40216,2071,1194546230,83768072
DDoS,16446,1639,1346336556,72234206
DDoS,20937,1863,741098035,82714897
DDoS,26564,2749,720743386,65854772
DDoS,40289,1326,874289066,89694400
DDoS,48710,2312,719513701,68128896
DDoS,46792,1239,860454147,62287298
DDoS,39035,2903,1385774242,60059397
DDoS,21882,1923,724586400,60495238
DDoS,21410,2644,800911193,66490489
DDoS,18295,2307,1307366924,72448168
DDoS,33167,1346,1240860295,63596987
DDoS,28800,2754,775864309,79719663
DDoS,40997,2596,865324997,81485186
DDoS,36814,1893,1495115131,60571394
DDoS,38177,2182,758743769,70590468
DDoS,50404,2870,1635940660,65087896
DDoS,40599,1309,1608876818,67465414
DDoS,15249,2484,1100826230,60958789
DDoS,18229,1611,1787879896,82884474
DDoS,30571,2131,1716480075,66447644
DDoS,50579,1404,1633548516,65862277
DDoS,21845,1498,803420253,83463024
DDoS,37639,2958,1550700432,82206651
DDoS,23834,2888,1165762678,73325871
DDoS,40439,2180,947074481,67725897
DDoS,15937,1872,863647080,86730602
DDoS,32799,2461,1279645417,81873933
DDoS,50116,2283,1036000292,62909299
DDoS,21176,1963,1360959905,64583910
DDoS,52789,1443,1028277353,62006432
DDoS,47304,1422,985754383,61158681
DDoS,58027,1399,1366426694,75505439
DDoS,58812,2448,1502612030,67665669
DDoS,24086,1822,1773924293,76925556
DDoS,46400,1904,1286389134,67790578
DDoS,22404,1373,1677686185,82851774
DDoS,39643,2787,1262373049,81489087
DDoS,28872,2489,1012222533,87943608
DDoS,32700,2816,1402070030,66812292
DDoS,46838,2255,952257737,67077901
DDoS,44466,1321,707039259,87122271
DDoS,36212,1617,1524359233,70482473
DDoS,52154,1504,1598079540,74494943
DDoS,51232,2993,706391218,76126400
DDoS,37131,1557,1140224830,80704650
DDoS,16347,1700,1007419175,79747151
DDoS,17878,2606,1521503525,72936338
DDoS,21061,1977,1054737568,77756724
DDoS,35385,2330,1245084413,64068540
DDoS,56903,2154,864421303,76955644
DDoS,59122,2886,748857224,72543541
DDoS,55411,1571,1640907748,84729519
DDoS,21393,2379,1188919706,63195324
DDoS,35669,1548,1511951343,68560992
DDoS,15041,2969,823111539,64557237
DDoS,19478,1231,1110629768,78936738
DDoS,52629,2531,1417898079,64165174
DDoS,45877,2632,1228031752,75718662
DDoS,40129,1714,1274664279,74923658
DDoS,57366,1726,883877214,86705067
DDoS,38781,2800,1259401387,80118733
DDoS,45585,2692,1757177889,84913986
DDoS,24072,1481,1729686358,73546368
DDoS,25586,2730,1212334487,70513925
DDoS,27865,2473,1733054334,81678566
DDoS,26188,2764,1153423582,84390107
DDoS,59354,2016,1109723066,70514729
DDoS,31068,1590,1175877359,89493049
DDoS,56310,2286,1402625928,73053985
DDoS,23179,1912,1648751705,82138013
DDoS,57572,1312,1035987401,79412348
DDoS,44534,2565,876422221,77244489
DDoS,51691,2553,1022563546,60445485
DDoS,32805,2869,703031631,89868640
DDoS,43801,2149,991062550,85977990
DDoS,53642,2414,1528703867,74599886
DDoS,22778,1771,1592150625,84848299
DDoS,16408,2132,1132191431,83044275
DDoS,44163,2764,1578212922,61822700
DDoS,41402,2224,767423406,82946822
DDoS,20158,1837,1493493127,75529163
DDoS,35549,1386,762902201,66365389
DDoS,16698,1257,744607751,64057415
DDoS,16412,2021,881106343,65029424
DDoS,31961,1772,1782999184,85205275
DDoS,40377,2701,1513373360,64331051
DDoS,56934,1294,1461589141,88444221
DDoS,45255,1333,1093910356,68421993
DDoS,47317,2281,738581002,66795767
DDoS,56757,2101,1043788975,69385856
DDoS,15511,2712,1008127968,65628932
DDoS,51462,1378,1202303794,69440049
DDoS,40254,1808,1181540981,82536471
DDoS,31274,2759,1340387599,71699937
DDoS,49727,1385,1053517887,76089126
DDoS,30116,2103,1396702789,61436861
DDoS,43922,2475,1527652315,77958825
DDoS,51409,2457,1182325740,62988551
DDoS,49710,2601,1075332288,88936993
DDoS,40535,2471,1185165518,89739803
DDoS,47335,1256,896279016,64596525
DDoS,35610,1262,1319670018,88227271
DDoS,57366,2791,833094462,64056065
DDoS,35104,1801,934761509,75998828
DDoS,28719,2769,1319282445,63626155
DDoS,17763,2424,966535972,65325757
DDoS,19929,2184,1551928181,88679466
DDoS,54276,2787,1780995241,80820272
DDoS,20965,2549,1405812061,74026283
DDoS,58133,2855,1027717644,85289390
DDoS,53946,2014,1558772335,72819779
DDoS,48215,2809,1207282471,64200517
DDoS,19439,1418,1597982609,72552288
DDoS,39034,1272,1335296454,68922557
DDoS,18258,2376,1279951246,81165349
DDoS,21698,1321,1274452837,79288869
DDoS,44011,2316,912911765,75330864
DDoS,57468,2728,1346165881,71089390
DDoS,57071,1598,1173805197,81952946
DDoS,57528,1612,1196115228,76381703
DDoS,20912,2698,821449767,79379730
DDoS,17956,1348,1631526442,76223201
DDoS,15912,1429,1164821515,62392195
DDoS,48719,2339,1039479810,74615352
DDoS,21317,2159,870561431,68066079
DDoS,51072,1791,1707045482,70751319
DDoS,55386,2180,1733912837,67916450
DDoS,49649,2479,966475760,87197162
DDoS,20271,1636,962925770,72663277
DDoS,19151,1208,1244920044,77266157
DDoS,15243,2312,791220331,64310177
DDoS,40297,1223,997853486,66696168
DDoS,21870,2926,711451373,70739385
DDoS,29918,1781,799642380,63548364
DDoS,22622,2145,1536149631,62205540
DDoS,47479,2570,1613289616,74155567
DDoS,54818,1720,1593413105,61889583
DDoS,58778,2143,1639901747,63837559
DDoS,27627,2600,1307428263,80106084
DDoS,42998,1807,774468286,66888090
DDoS,28700,1865,858551392,71248478
DDoS,17164,1727,1484483828,89461355
DDoS,53913,2950,1750318099,70900280
DDoS,40649,2102,1767588398,75900352
DDoS,43428,2188,789582467,83175137
DDoS,17088,2418,1054634568,60916432
DDoS,34367,2625,1218979514,73974791
DDoS,41504,1634,1028124788,76593068
DDoS,52715,1419,1144092781,67511315
DDoS,54299,1480,995844794,77521114
DDoS,27597,2878,811770643,72347515
DDoS,37167,2691,985974478,78864902
DDoS,26126,1861,1447259438,67845484
DDoS,58796,2447,760213156,88351530
DDoS,16730,2085,888298752,69032600
DDoS,33770,1431,1357100660,82174320
DDoS,22140,2391,1456443977,83841467
DDoS,26645,2025,950213914,79317680
DDoS,20861,1292,1291912627,70274920
DDoS,38704,2348,1614288737,67843136
DDoS,22458,2427,1296619273,64271202
DDoS,37804,1756,1079583358,70611941
DDoS,49900,1836,705608878,60703633
DDoS,27274,2799,1665058686,78366107
DDoS,19451,2557,939726544,89829848
DDoS,27961,2992,1165990286,70214720
DDoS,54059,1740,958205838,74340559
DDoS,21423,2285,1535407609,75210162
DDoS,37634,1708,909324385,77310140
DDoS,54401,1858,1565845912,67590332
DDoS,58588,1291,970011311,74814584
DDoS,26694,2744,1244570675,81597570
DDoS,28701,2292,1017308012,68777627
DDoS,53617,1236,848765788,70533295
DDoS,21992,2607,1694534176,88756995
DDoS,26385,1499,785619014,87812810
DDoS,51862,2049,727605570,72183848
DDoS,59312,2700,1788933960,85012247
DDoS,16854,2056,1342471479,68656754
DDoS,44993,1412,1463038521,72006781
DDoS,57340,2387,1567438711,76628706
DDoS,18284,1431,1101330333,85012303
DDoS,16492,2223,1367026632,76404953
DDoS,52068,2914,1359887127,88216559
DDoS,30098,1565,1294611788,61827294
DDoS,58575,2478,1191197648,78942366
DDoS,17524,1495,798899713,68954640
DDoS,25529,1919,819039906,77574092
DDoS,18517,1458,779437017,75011131
DDoS,18291,1442,1661747027,65056782
DDoS,37513,2771,1287147598,60648534
DDoS,19250,2341,1561747548,80973511
DDoS,15496,1327,1179093277,87063985
DDoS,52950,2419,1339474962,86372347
DDoS,46592,1683,836691877,62926656
DDoS,42607,2891,1187044670,76193621
DDoS,18626,2563,1434503389,65533410
DDoS,42817,1964,857153073,80082232
DDoS,44408,2680,810573453,60735002
DDoS,21056,2181,1492251433,81999930
DDoS,42200,1327,1788503122,60693746
DDoS,38621,2334,1037770882,86645414
DDoS,44819,1803,1613271565,85790293
DDoS,15684,2718,1543512277,82829594
DDoS,16335,1212,1608649049,85832085
DDoS,25818,2827,1068429073,83476690
DDoS,25398,1353,1109699738,78740059
DDoS,24909,1720,1477952509,74724186
DDoS,30547,1880,884600975,86160227
DDoS,50796,2841,1004520635,80615120
DDoS,53583,2319,1273652135,62756477
DDoS,52420,1780,1241564288,80860268
DDoS,16801,2623,778499871,81360338
DDoS,15311,1324,1279057184,71618124
DDoS,56685,1266,1058754394,87677977
DDoS,56865,2412,719787368,71429821
DDoS,26117,2060,1492316462,64425475
DDoS,59999,1617,1708990837,76375867
DDoS,32814,2281,1776816687,78951860
DDoS,59712,2167,1781011328,81961911
DDoS,57305,2615,809865428,86458015
DDoS,57463,2667,1551023526,69174565
DDoS,45190,2931,1646754558,72944639
DDoS,53690,2332,1003361426,89878377
DDoS,34856,1366,1487763609,66280312
DDoS,28100,2291,1463100601,61666923
DDoS,51258,2581,859051745,60085873
DDoS,34420,2014,1256285405,67950961
DDoS,47539,1370,1396687521,72546266
DDoS,21860,1686,1470610101,74934090
DDoS,44949,1505,898757094,63927759
DDoS,28341,2435,1442268990,87431895
DDoS,41020,1385,1340251875,66158507
DDoS,59486,1380,743343569,61783907
DDoS,15566,1300,1455816196,63852635
DDoS,48356,1456,823170576,86931146
DDoS,25761,2870,1359962679,72971608
DDoS,20579,2342,1653443485,61902985
DDoS,36572,2843,1136216871,85740611
DDoS,48727,2765,1196241109,82936316
DDoS,18890,2360,1356397708,75433581
DDoS,35549,2555,873979802,72493835
DDoS,56004,2996,1089580831,88081774
DDoS,31320,2355,1402871904,65279587
DDoS,23972,1568,1321385203,89445445
DDoS,48187,2547,1703434996,71762453
DDoS,22046,1355,807755232,84507870
DDoS,48636,2543,1351267171,73875297
DDoS,46866,2810,1179333514,69217035
DDoS,58942,1696,937101639,77980227
DDoS,41379,2891,1164384195,72366379
DDoS,55739,1485,865247196,83817167
DDoS,54437,2835,793792828,62901726
DDoS,54506,2081,1436534523,63045064
DDoS,26372,1385,1568710232,88399288
DDoS,55714,2379,1579741468,65965242
DDoS,53054,1960,1491547649,81352590
DDoS,34149,1532,910970840,80590178
DDoS,48299,1549,1124283836,89938013
DDoS,50574,1985,1483039993,72499663
DDoS,43986,2014,1711435505,87689984
DDoS,41552,2892,1422388097,71286093
DDoS,27798,2561,1117480520,63625353
DDoS,25625,2843,833248592,63771456
DDoS,25892,2624,1547910007,74965863
DDoS,28689,2042,1554312688,72866591
DDoS,25850,2004,1270100632,63974184
DDoS,28709,2301,1731079671,87728401
DDoS,52464,2769,1701904592,63841806
DDoS,49440,2801,1165262150,74557142
DDoS,24937,2829,816861188,74793793
DDoS,50791,1465,1614172013,84919802
DDoS,43477,1790,1232977137,80838419
DDoS,21739,2716,773170576,82507310
DDoS,58555,1938,1646315284,64227461
DDoS,37814,1829,925342768,82387303
DDoS,48884,2214,1216713663,82744374
DDoS,55864,1707,1447337411,77767611
DDoS,21168,1470,923549442,63050129
DDoS,48125,1288,1388770879,88747248
DDoS,53478,2408,1372157792,69777429
DDoS,42448,2426,1588320189,66106918
DDoS,58147,1440,1511772962,72941972
DDoS,58072,2885,1373848304,61631515
DDoS,57269,2159,1100819850,75399333
DDoS,22572,1230,1047200702,82798021
DDoS,25805,2053,1274861596,78531223
DDoS,54223,2572,948295970,88802829
DDoS,52489,1557,986513629,85632238
DDoS,19089,1708,1714149997,85611401
DDoS,52648,2414,1308575841,83458365
DDoS,20774,2355,965478587,71235269
DDoS,19077,1395,1735015196,77207876
DDoS,49181,1390,1068823663,88019384
DDoS,44066,1292,1665566079,68722991
DDoS,27201,1820,783649852,80600437
DDoS,25476,2085,848207363,89889055
DDoS,53501,2362,1179308540,81701848
DDoS,28492,2362,1613535837,78608665
DDoS,50685,1590,1566803833,68806403
DDoS,57783,2876,999936567,65711878
DDoS,52068,2397,922695703,84163566
